OralH,OralMM,OralTM,Rumen,Sediment/Soil,Skin,Unknown,Running time (s),Sink,decOM_max,p_OralH,p_OralMM,p_OralTM,p_Rumen,p_Sediment/Soil,p_Skin,p_Unknown
368988,240,3406,1884,5611,2157,21379,3681.5178,ABM007,OralH,91.4095,0.0595,0.8438,0.4667,1.39,0.5344,5.2962
59466,66,496,314,744,141,1670,22.6573,ABM008,OralH,94.545,0.1049,0.7886,0.4992,1.1829,0.2242,2.6551
74735,442,3916,873,32945,10281,14669,49.0674,BIT001,OralH,54.2104,0.3206,2.8405,0.6332,23.8973,7.4575,10.6404
88732,45,1156,349,931,401,6938,21.6827,Chimp,OralH,90.0357,0.0457,1.173,0.3541,0.9447,0.4069,7.0399
422152,433,11118,1881,4771,1799,20154,35.9661,DJA002,OralH,91.314,0.0937,2.4049,0.4069,1.032,0.3891,4.3594
178492,183,2117,1440,5642,975,16143,32.0245,DJA006,OralH,87.0727,0.0893,1.0327,0.7025,2.7523,0.4756,7.8749
602216,358,5258,2952,4691,1134,23094,37.063,DJA007,OralH,94.1399,0.056,0.8219,0.4615,0.7333,0.1773,3.6101
446806,2259,114282,11359,25520,15015,273314,171.603,DM_002,OralH,50.2846,0.2542,12.8616,1.2784,2.8721,1.6898,30.7594
81003,351,14876,7526,3222,473,54260,47.9357,DM_003,OralH,50.0912,0.2171,9.1991,4.654,1.9924,0.2925,33.5537
87010,850,16409,6303,9965,4574,66154,48.4944,DM_004,OralH,45.4919,0.4444,8.5792,3.2954,5.21,2.3914,34.5876
405111,1516,68136,13216,16405,5543,183779,168.779,DM_005,OralH,58.3981,0.2185,9.822,1.9051,2.3648,0.799,26.4923
49811,890,11625,2171,6586,5661,44924,40.3878,DM_006,OralH,40.9401,0.7315,9.5547,1.7844,5.4131,4.6528,36.9234
16012,420,5262,1062,2473,2964,17289,26.2367,DM_007,Unknown,35.2051,0.9234,11.5694,2.335,5.4373,6.5169,38.0128
116215,1651,32419,6212,11349,9977,127641,86.9487,DM_008,Unknown,38.0454,0.5405,10.613,2.0336,3.7153,3.2662,41.7859
32342,417,16817,2676,7099,3204,22384,31.3187,DM_009,OralH,38.0767,0.4909,19.7989,3.1505,8.3578,3.7721,26.353
115234,1570,23316,5598,12865,7495,159897,119.2575,DM_010,Unknown,35.3506,0.4816,7.1527,1.7173,3.9466,2.2993,49.0519
33670,694,7794,1321,2261,4027,35813,39.3648,DM_011,Unknown,39.3433,0.8109,9.1073,1.5436,2.642,4.7055,41.8474
131805,1795,31943,5972,15250,14313,201103,122.0264,DM_012,Unknown,32.7726,0.4463,7.9424,1.4849,3.7918,3.5588,50.0031
121652,1810,36689,6583,11031,9997,117311,72.7258,DM_013,OralH,39.8764,0.5933,12.0263,2.1578,3.6159,3.2769,38.4534
112488,1081,22707,3020,9572,11573,33807,44.1505,DM_014,OralH,57.9095,0.5565,11.6897,1.5547,4.9277,5.9578,17.404
82271,1131,20739,4268,9579,5408,57784,41.1754,DM_015,OralH,45.4084,0.6242,11.4466,2.3557,5.287,2.9849,31.8931
770780,1482,92995,13212,21664,8833,189116,170.2858,DM_016,OralH,70.1933,0.135,8.4689,1.2032,1.9729,0.8044,17.2224
0,0,0,0,0,0,0,16.7814,DM_017,TIE,,,,,,,
80768,1142,19751,4401,13080,7059,70531,55.7557,DM_019,OralH,41.0548,0.5805,10.0395,2.2371,6.6486,3.5881,35.8513
145723,1677,22847,6934,19871,11393,166220,134.0212,DM_020,Unknown,38.8942,0.4476,6.098,1.8507,5.3037,3.0408,44.365
381870,1590,84059,8684,18816,29370,120322,91.9172,DM_021,OralH,59.2312,0.2466,13.0382,1.347,2.9185,4.5555,18.6629
179817,1627,33852,9481,22307,7522,215589,164.5313,DM_022,Unknown,38.2431,0.346,7.1996,2.0164,4.7442,1.5998,45.851
77781,825,87032,2072,17992,33291,84928,111.0878,DM_026,OralTM,25.5925,0.2715,28.6364,0.6818,5.92,10.9538,27.9441
63880,543,26792,2020,9610,14430,50677,81.2407,DM_027,OralH,38.0347,0.3233,15.9522,1.2027,5.7219,8.5917,30.1735
47166,377,13916,1299,9512,6990,29540,58.6705,DM_028,OralH,43.3511,0.3465,12.7904,1.1939,8.7426,6.4246,27.1507
39395,568,15688,1318,9717,10838,46285,69.1496,DM_029,Unknown,31.8192,0.4588,12.6711,1.0645,7.8484,8.7538,37.3842
462,88,1466,0,116,2822,195,17.3187,DM_C01,Skin,8.9726,1.7091,28.4715,0.0,2.2529,54.8068,3.7871
4,0,8,0,0,0,28,16.9043,EB_10_2,Unknown,10.0,0.0,20.0,0.0,0.0,0.0,70.0
0,0,0,0,0,0,0,16.1756,EB_11_1,TIE,,,,,,,
0,0,0,0,0,0,0,16.3184,EB_12_1,TIE,,,,,,,
0,0,0,0,0,0,0,16.822,EB_13_2,TIE,,,,,,,
0,0,0,0,0,0,0,16.6913,EB_14_2,TIE,,,,,,,
0,0,0,0,0,0,0,16.418,EB_15_2,TIE,,,,,,,
0,0,0,0,0,0,0,17.5792,EB_16,TIE,,,,,,,
0,0,0,0,0,0,0,17.3294,EB_17_2,TIE,,,,,,,
0,0,0,0,0,0,0,16.6285,EB_18_2,TIE,,,,,,,
0,0,0,0,0,0,0,16.2005,EB_19_2,TIE,,,,,,,
3931,193,1564,706,25541,55394,43247,30.2039,EB1,Skin,3.0105,0.1478,1.1978,0.5407,19.5603,42.4228,33.1202
0,0,0,0,0,0,0,16.5899,EB_20,TIE,,,,,,,
0,0,0,0,0,0,0,15.9599,EB_21,TIE,,,,,,,
0,0,0,0,0,0,0,16.5823,EB_2_2,TIE,,,,,,,
0,0,0,0,0,0,0,16.0546,EB_23,TIE,,,,,,,
0,0,0,0,0,0,0,16.4407,EB_24_2,TIE,,,,,,,
0,0,0,0,0,0,0,15.9126,EB_25_2,TIE,,,,,,,
0,0,0,0,0,0,0,16.6147,EB_26_2,TIE,,,,,,,
0,0,0,0,0,0,0,16.0516,EB_28,TIE,,,,,,,
0,0,0,0,0,0,0,16.4863,EB_29,TIE,,,,,,,
7685,252,2612,823,14729,4651,16281,21.77,EB2,Unknown,16.3396,0.5358,5.5535,1.7498,31.3163,9.8888,34.6161
0,0,0,0,0,0,0,16.5157,EB_5_2,TIE,,,,,,,
0,0,0,0,0,0,0,16.7512,EB_6_2,TIE,,,,,,,
0,0,0,0,0,0,0,16.3621,EB_7_1,TIE,,,,,,,
0,0,0,0,0,0,0,17.1149,EB_8_2,TIE,,,,,,,
0,0,0,0,0,0,0,16.1152,EB_9_2,TIE,,,,,,,
269352,403,6022,1665,8264,9223,30020,40.6258,EBO001,OralH,82.8905,0.124,1.8532,0.5124,2.5432,2.8383,9.2384
709105,358,5043,2856,5126,5031,21805,47.0281,EBO003,OralH,94.6326,0.0478,0.673,0.3811,0.6841,0.6714,2.91
331370,395,4521,1906,7045,7092,18775,31.4707,EBO008,OralH,89.293,0.1064,1.2183,0.5136,1.8984,1.9111,5.0592
37496,43,770,440,1032,446,2089,19.4124,EBO009,OralH,88.6095,0.1016,1.8196,1.0398,2.4388,1.054,4.9367
29544,461,20564,4111,7572,3481,35438,68.6443,F10,Unknown,29.202,0.4557,20.326,4.0634,7.4844,3.4407,35.0278
27646,730,24175,2972,8705,8497,46981,86.1505,F1,Unknown,23.0949,0.6098,20.1953,2.4827,7.272,7.0982,39.247
21079,834,15860,861,7650,6475,41185,45.8454,F2,Unknown,22.4378,0.8878,16.8824,0.9165,8.1431,6.8924,43.8399
26278,702,25179,3449,7748,5452,47624,69.8405,F3,Unknown,22.5694,0.6029,21.6255,2.9622,6.6545,4.6826,40.9028
19087,539,12840,29261,3384,2974,56908,52.7858,F4,Unknown,15.2705,0.4312,10.2726,23.4101,2.7074,2.3793,45.5289
17567,480,18377,2934,4317,4095,31799,49.5965,F5,Unknown,22.0777,0.6033,23.0957,3.6874,5.4255,5.1465,39.9641
16989,424,47976,3580,2487,6564,26420,45.7842,F6,OralTM,16.2668,0.406,45.9364,3.4278,2.3813,6.2849,25.2968
13892,305,12853,1044,3951,2684,17800,52.339,F7,Unknown,26.4463,0.5806,24.4684,1.9875,7.5216,5.1096,33.886
19593,642,19107,18721,4678,5941,32518,51.0897,F8,Unknown,19.3607,0.6344,18.8804,18.499,4.6225,5.8706,32.1324
17160,454,12218,1859,5315,3553,22230,36.2149,F9,Unknown,27.3296,0.7231,19.4588,2.9607,8.4649,5.6586,35.4043
27386,713,184901,1148,13174,52286,59840,49.2772,G0001,OralTM,8.0678,0.21,54.4711,0.3382,3.881,15.4032,17.6286
20043,427,2634,3160,18635,3556,81110,65.9134,G0005,Unknown,15.4695,0.3296,2.033,2.4389,14.3827,2.7446,62.6018
35111,348,6698,764,8443,8512,14950,28.5284,G0008,OralH,46.9235,0.4651,8.9514,1.021,11.2835,11.3757,19.9797
20527,464,30352,542,5687,13960,18458,27.3677,G0010,OralTM,22.8103,0.5156,33.7282,0.6023,6.3196,15.5128,20.5112
73423,445,26298,572,6052,13503,49121,36.9414,G0011,OralH,43.3394,0.2627,15.5229,0.3376,3.5723,7.9704,28.9947
52930,189,2364,270,1108,9483,4512,21.2929,G0017,OralH,74.7008,0.2667,3.3363,0.3811,1.5637,13.3835,6.3678
39483,336,6928,456,5021,5852,16456,26.2024,G0018,OralH,52.9746,0.4508,9.2953,0.6118,6.7367,7.8517,22.0791
58607,91,2802,114,1432,8271,9405,22.8833,G0019,OralH,72.6035,0.1127,3.4712,0.1412,1.774,10.2463,11.6511
111687,475,25359,783,7400,20180,27098,43.4671,G0021,OralH,57.8743,0.2461,13.1406,0.4057,3.8346,10.4569,14.0417
27193,336,15242,664,4741,19136,14640,28.9828,G0026,OralH,33.1816,0.41,18.5987,0.8102,5.7851,23.3503,17.8641
0,0,0,0,0,0,0,16.4978,G0030,TIE,,,,,,,
95057,255,4650,672,12108,9655,7734,25.1476,G0033,OralH,73.0472,0.196,3.5733,0.5164,9.3045,7.4194,5.9432
116769,343,6343,873,7971,12800,40176,41.8696,G0034,OralH,63.0247,0.1851,3.4236,0.4712,4.3023,6.9086,21.6845
112986,448,9351,1878,8895,12522,29867,36.4882,GDC002,OralH,64.2159,0.2546,5.3147,1.0674,5.0555,7.1169,16.975
9625,354,9648,550,6549,6259,51065,39.7846,GDC004,Unknown,11.4515,0.4212,11.4789,0.6544,7.7918,7.4468,60.7555
150170,443,8471,1166,7330,18570,10341,29.4903,GDC005,OralH,76.4259,0.2255,4.3111,0.5934,3.7305,9.4508,5.2628
16035,558,75136,642,6984,25580,18424,34.8491,HM_001,OralTM,11.1852,0.3892,52.4111,0.4478,4.8717,17.8433,12.8517
5478,15,860,101,1498,343,2823,20.4405,HM_002,OralH,49.2715,0.1349,7.7352,0.9084,13.4736,3.0851,25.3913
6654,226,11130,63,2091,7592,5711,20.5672,HM_003,OralTM,19.8823,0.6753,33.2566,0.1882,6.2479,22.685,17.0646
15396,2382,105143,399,5665,9187,60688,67.9002,HM_004,OralTM,7.7421,1.1978,52.8729,0.2006,2.8487,4.6198,30.518
8222,733,127258,723,7667,7778,55501,56.4153,HM_006,OralTM,3.9551,0.3526,61.2165,0.3478,3.6882,3.7415,26.6983
19,4,126,0,7,112,3,16.3952,HM_008,OralTM,7.0111,1.476,46.4945,0.0,2.583,41.3284,1.107
4101,238,7257,215,796,4960,1626,20.5742,HM_009,OralTM,21.3672,1.24,37.8107,1.1202,4.1473,25.8428,8.4718
16170,786,192718,809,9198,51305,44737,66.0313,HM_010,OralTM,5.1216,0.249,61.0402,0.2562,2.9133,16.25,14.1697
27012,804,188835,1229,12479,56651,55165,73.5599,HM_011,OralTM,7.8942,0.235,55.1867,0.3592,3.647,16.5561,16.1219
13639,442,104560,1164,4310,28956,14822,28.9966,HM_012,OralTM,8.1236,0.2633,62.2778,0.6933,2.5671,17.2467,8.8282
1696,46,615,19,0,483,2557,18.0265,HM_014,Unknown,31.3146,0.8493,11.3552,0.3508,0.0,8.918,47.212
20,0,0,0,0,0,21,16.6631,HM_017,Unknown,48.7805,0.0,0.0,0.0,0.0,0.0,51.2195
1011,0,240,0,347,120,777,17.3859,HM_018,OralH,40.521,0.0,9.6192,0.0,13.9078,4.8096,31.1423
3274,12,341,0,768,249,1675,18.3162,HM_020,OralH,51.812,0.1899,5.3964,0.0,12.1538,3.9405,26.5074
10939,88,1883,195,3820,1709,19682,60.0497,HM_021,Unknown,28.5494,0.2297,4.9144,0.5089,9.9697,4.4603,51.3676
36507,75,1682,59,4870,3762,12702,35.4471,HM_022,OralH,61.1948,0.1257,2.8195,0.0989,8.1633,6.306,21.2917
4464,18,1003,71,2370,753,5262,27.2963,HM_023,Unknown,32.0207,0.1291,7.1946,0.5093,17.0002,5.4013,37.7448
15744,333,30900,690,10451,26555,18733,40.4549,HM_024,OralTM,15.2254,0.322,29.8822,0.6673,10.1068,25.6803,18.116
12262,208,13502,228,4093,7677,8958,29.0664,HM_026,OralTM,26.1294,0.4432,28.7717,0.4859,8.7219,16.3591,19.0888
0,0,0,0,0,0,0,16.7182,HM_027,TIE,,,,,,,
4708,127,1015,19,3092,1053,6535,25.0227,HM_028,Unknown,28.4488,0.7674,6.1333,0.1148,18.6839,6.3629,39.4888
3920,6,576,0,2557,273,3145,23.5615,HM_029,OralH,37.4153,0.0573,5.4978,0.0,24.4058,2.6057,30.0181
9604,31,616,14,2339,944,12595,42.6264,HM_030,Unknown,36.7364,0.1186,2.3563,0.0536,8.9469,3.6109,48.1773
111461,985,16664,3646,12069,2698,66550,75.46,HM_031,OralH,52.0668,0.4601,7.7843,1.7032,5.6378,1.2603,31.0875
26540,532,11342,2146,6892,8659,28654,32.6272,HM_032,Unknown,31.3101,0.6276,13.3805,2.5317,8.1307,10.2153,33.804
51340,343,4578,4322,7264,16446,69659,68.851,HM_033,Unknown,33.3481,0.2228,2.9737,2.8074,4.7184,10.6826,45.2472
61884,861,12964,4252,14758,10347,44560,44.9498,HM_036,OralH,41.3591,0.5754,8.6643,2.8418,9.8633,6.9152,29.7809
23407,653,8550,1771,7838,5503,28262,33.7938,HM_037,Unknown,30.8052,0.8594,11.2524,2.3308,10.3153,7.2423,37.1947
2304,122,1708,253,2088,1201,162,18.652,HM_038,OralH,29.3953,1.5565,21.7913,3.2279,26.6394,15.3228,2.0669
6393,437,51903,733,9898,16923,42410,56.9416,HM_039,OralTM,4.9675,0.3396,40.3296,0.5696,7.6909,13.1495,32.9534
7589,419,33964,862,5989,13854,29890,42.2019,HM_040,OralTM,8.1984,0.4526,36.6913,0.9312,6.4699,14.9665,32.2901
1605,75,1315,125,32,174,10773,38.8497,HM_043,Unknown,11.3838,0.532,9.3269,0.8866,0.227,1.2341,76.4097
28175,492,4741,617,4344,3492,30201,47.7363,HM_048,Unknown,39.0983,0.6827,6.5791,0.8562,6.0281,4.8458,41.9097
0,0,0,0,0,0,0,16.3878,HM_049,TIE,,,,,,,
116010,443,8842,1027,8121,5047,26618,46.4397,HM_050,OralH,69.8401,0.2667,5.323,0.6183,4.889,3.0384,16.0245
8141,146,1977,55,428,2000,4412,22.377,HM_053,OralH,47.4445,0.8509,11.5217,0.3205,2.4943,11.6557,25.7125
14123,292,6775,238,2013,7360,31311,38.2394,HM_054,Unknown,22.738,0.4701,10.9077,0.3832,3.2409,11.8496,50.4105
3005,183,3120,345,5158,2882,852,17.666,HM_055,Sediment/Soil,19.331,1.1772,20.0708,2.2194,33.1811,18.5397,5.4809
25760,296,4603,651,7549,3605,19614,34.2664,HM_057,OralH,41.4962,0.4768,7.4149,1.0487,12.1605,5.8072,31.5957
2604,143,2916,28,149,3067,674,18.7963,HM_058,Skin,27.1788,1.4925,30.4352,0.2922,1.5552,32.0113,7.0348
21018,268,8060,1434,3790,2745,24177,38.6236,HM_059,Unknown,34.1801,0.4358,13.1074,2.332,6.1634,4.464,39.3173
8806,373,27016,287,3600,12078,21095,55.7944,HM_060,OralTM,12.021,0.5092,36.8794,0.3918,4.9143,16.4876,28.7967
9236,358,24495,338,3278,12291,15709,28.856,HM_061,OralTM,14.0568,0.5449,37.2803,0.5144,4.989,18.7063,23.9084
75558,377,16437,153,3552,10155,35182,64.4437,HM_062,OralH,53.4304,0.2666,11.6233,0.1082,2.5118,7.181,24.8787
42334,520,13206,1341,6190,4325,56856,82.9247,HM_063,Unknown,33.9291,0.4168,10.5841,1.0748,4.961,3.4663,45.5679
11235,446,4776,502,5434,4224,21378,52.8618,HM_064,Unknown,23.4087,0.9293,9.951,1.0459,11.322,8.8009,44.5421
25703,461,13607,1154,7350,7980,19929,40.994,HM_065,OralH,33.7381,0.6051,17.8607,1.5148,9.6477,10.4746,26.159
17277,500,140970,799,9822,35904,45236,75.3891,HM_066,OralTM,6.8968,0.1996,56.2737,0.319,3.9208,14.3325,18.0577
13952,578,130368,683,8528,37698,24407,41.5963,HM_067,OralTM,6.4529,0.2673,60.2958,0.3159,3.9442,17.4355,11.2884
10912,230,1432,70252,2154,1790,81358,76.0928,HM_070,Unknown,6.4903,0.1368,0.8517,41.7848,1.2812,1.0647,48.3905
20168,307,5388,734,6477,3982,13823,26.7087,HM_071,OralH,39.6391,0.6034,10.5898,1.4426,12.7302,7.8264,27.1684
55331,872,10435,3921,6360,4251,46667,63.3004,HM_074,OralH,43.2825,0.6821,8.1627,3.0672,4.9751,3.3253,36.5051
2551,24,418,210,14,510,6919,22.8943,HM_075,Unknown,23.9621,0.2254,3.9264,1.9726,0.1315,4.7905,64.9915
57162,751,58007,2246,12539,22160,76787,83.6025,HM_076,Unknown,24.8907,0.327,25.2587,0.978,5.46,9.6494,33.4362
48591,6187,14289,2337,7726,4908,77374,71.7748,HM_077,Unknown,30.1037,3.833,8.8525,1.4478,4.7865,3.0407,47.9357
54227,11596,18106,2262,8722,8578,267647,234.0369,HM_078,Unknown,14.611,3.1244,4.8785,0.6095,2.3501,2.3113,72.1152
34980,6170,11999,1594,7758,6529,84166,71.5109,HM_080,Unknown,22.8335,4.0275,7.8324,1.0405,5.0641,4.2619,54.9401
67152,10506,46541,2833,10018,9953,211778,162.5839,HM_081,Unknown,18.7167,2.9282,12.972,0.7896,2.7922,2.7741,59.0271
0,0,0,0,0,0,0,16.6878,HM_082,TIE,,,,,,,
45065,6961,12983,2084,7363,5291,79279,67.9404,HM_083,Unknown,28.3381,4.3773,8.1641,1.3105,4.6301,3.3271,49.8529
44134,10336,13052,2102,7381,5896,156315,115.152,HM_084,Unknown,18.4494,4.3208,5.4562,0.8787,3.0855,2.4647,65.3447
85340,12569,22090,3049,8986,7854,173686,130.6812,HM_085,Unknown,27.2153,4.0083,7.0446,0.9723,2.8657,2.5047,55.3892
4661,867,1477,217,697,1786,10079,22.274,HM_086,Unknown,23.5594,4.3823,7.4656,1.0968,3.523,9.0275,50.9452
60879,8274,16727,2772,9167,7314,140711,130.3108,HM_088,Unknown,24.7633,3.3655,6.8039,1.1275,3.7288,2.9751,57.2359
56741,6727,14322,2413,7039,4609,98974,87.6579,HM_089,Unknown,29.7346,3.5252,7.5053,1.2645,3.6887,2.4153,51.8664
65995,11308,36257,2540,8084,8317,172081,129.857,HM_090,Unknown,21.6674,3.7126,11.9039,0.8339,2.6541,2.7306,56.4974
66,44,532,10,324,581,125,16.9068,HM_091,Skin,3.9239,2.6159,31.629,0.5945,19.2628,34.5422,7.4316
27148,482,71876,625,8683,36486,35711,44.2413,IBA002,OralTM,14.998,0.2663,39.7081,0.3453,4.7969,20.1568,19.7286
2054788,1400,20928,8445,28494,26251,178184,286.4951,KNP001,OralH,88.6261,0.0604,0.9027,0.3642,1.229,1.1322,7.6853
1849570,1285,21804,9318,28152,15562,206697,465.8766,KNP004,OralH,86.737,0.0603,1.0225,0.437,1.3202,0.7298,9.6932
2351966,1384,23224,10397,24736,13660,203177,236.8748,KNP009,OralH,89.4779,0.0527,0.8835,0.3955,0.9411,0.5197,7.7296
0,0,0,0,0,0,0,16.2585,LB_11,TIE,,,,,,,
0,0,0,0,0,0,0,16.5079,LB_12,TIE,,,,,,,
0,0,0,0,0,0,0,16.4783,LB_13,TIE,,,,,,,
0,0,0,0,0,0,0,15.9545,LB_14,TIE,,,,,,,
0,0,0,0,0,0,0,16.5314,LB_15,TIE,,,,,,,
0,0,0,0,0,0,0,16.4998,LB_16,TIE,,,,,,,
0,0,0,0,0,0,0,16.5189,LB_17,TIE,,,,,,,
0,0,0,0,0,0,0,16.7404,LB_18,TIE,,,,,,,
0,0,0,0,0,0,0,16.0289,LB_1,TIE,,,,,,,
0,0,0,0,0,0,0,16.617,LB_20,TIE,,,,,,,
0,0,0,0,0,0,0,16.5246,LB_21,TIE,,,,,,,
0,0,0,0,0,0,0,17.1106,LB_23,TIE,,,,,,,
0,0,0,0,0,0,0,16.7169,LB_24,TIE,,,,,,,
0,0,0,0,0,0,0,16.3106,LB_25,TIE,,,,,,,
0,0,0,0,0,0,0,16.635,LB_26,TIE,,,,,,,
0,0,0,0,0,0,0,16.1077,LB_27,TIE,,,,,,,
0,0,0,0,0,0,0,16.506,LB_28,TIE,,,,,,,
0,0,0,0,0,0,0,16.2057,LB_2,TIE,,,,,,,
0,0,0,0,0,0,0,16.4604,LB_3,TIE,,,,,,,
0,0,0,0,0,0,0,16.4679,LB_4,TIE,,,,,,,
0,0,0,0,0,0,0,16.0173,LB_5,TIE,,,,,,,
0,0,0,0,0,0,0,16.4635,LB_6,TIE,,,,,,,
0,0,0,0,0,0,0,16.0215,LB_7,TIE,,,,,,,
0,0,0,0,0,0,2,16.5533,LB_8,Unknown,0.0,0.0,0.0,0.0,0.0,0.0,100.0
0,0,0,0,0,0,0,16.0376,LB_9,TIE,,,,,,,
0,0,6,89,0,552,123,18.0172,Lib_blank,Skin,0.0,0.0,0.7792,11.5584,0.0,71.6883,15.974
144163,1554,25765,6090,14620,8033,132587,83.882,maybe_DM_017,OralH,43.3166,0.4669,7.7416,1.8299,4.3929,2.4137,39.8384
20158,592,47986,3929,10318,23422,80295,87.6306,MS_004,Unknown,10.797,0.3171,25.7022,2.1044,5.5265,12.5453,43.0075
25766,569,24120,3659,12574,6916,62278,93.2039,MS_005,Unknown,18.962,0.4187,17.7507,2.6928,9.2536,5.0897,45.8324
10669,533,13047,704,14777,6091,21580,45.5074,MS_009,Unknown,15.8291,0.7908,19.3573,1.0445,21.924,9.037,32.0173
15252,713,79191,950,12275,40332,51480,61.2801,MS_010,OralTM,7.6186,0.3562,39.5573,0.4745,6.1316,20.1466,25.7152
147152,8007,125783,3520,15369,12474,164797,138.3843,MS_011,Unknown,30.8429,1.6783,26.364,0.7378,3.2213,2.6145,34.5413
221323,8197,202613,5789,21233,11285,158194,122.7976,MS_018,OralH,35.207,1.3039,32.2307,0.9209,3.3776,1.7952,25.1647
201207,7970,330529,5363,26241,53166,171907,114.3206,MS_020,OralTM,25.2651,1.0008,41.5038,0.6734,3.295,6.6759,21.586
196759,6417,174056,4498,13319,8634,113129,103.4782,MS_022,OralH,38.0717,1.2417,33.6788,0.8703,2.5771,1.6706,21.8898
36945,444,26025,6342,10902,4601,63031,104.4944,MS_029,Unknown,24.914,0.2994,17.5501,4.2768,7.3518,3.1027,42.5052
18794,202,5600,1823,6596,1913,13384,24.8789,MS_032,OralH,38.9013,0.4181,11.5913,3.7734,13.6529,3.9597,27.7033
5339,219,7141,336,2185,4501,18376,25.8684,MS_038,Unknown,14.0142,0.5748,18.7443,0.882,5.7354,11.8146,48.2348
6868,273,4672,1063,4234,4191,38065,69.8984,MS_039,Unknown,11.5689,0.4599,7.8698,1.7906,7.132,7.0596,64.1192
0,0,0,0,0,0,0,16.1389,MS_051,TIE,,,,,,,
0,0,0,0,0,0,16,16.5934,MS_053,Unknown,0.0,0.0,0.0,0.0,0.0,0.0,100.0
5559,36,1860,176,186,643,2598,20.8469,MS_057,OralH,50.2713,0.3256,16.8204,1.5916,1.682,5.8148,23.4943
0,0,0,0,0,0,0,16.7631,MS_058,TIE,,,,,,,
7016,166,2809,196,78,2196,21782,37.5883,MS_060,Unknown,20.4889,0.4848,8.2031,0.5724,0.2278,6.413,63.6101
7872,197,4714,912,2692,1804,37188,90.9966,MS_062,Unknown,14.2148,0.3557,8.5123,1.6468,4.861,3.2576,67.1518
35528,648,67266,1216,3661,6189,49529,82.8165,MS_063,OralTM,21.6585,0.395,41.0066,0.7413,2.2318,3.7729,30.1938
14701,309,36678,1593,5248,3771,15336,39.7424,MS_091,OralTM,18.9358,0.398,47.2435,2.0519,6.7598,4.8573,19.7537
5601,67,1896,218,1068,601,5793,22.1704,MS_092,Unknown,36.7423,0.4395,12.4377,1.4301,7.006,3.9425,38.0018
2748,35,2286,19,722,428,3875,26.2263,MS_095,Unknown,27.1729,0.3461,22.6046,0.1879,7.1393,4.2322,38.317
28066,448,15835,1507,24692,13798,46955,121.5788,MS_096,Unknown,21.3753,0.3412,12.0601,1.1477,18.8056,10.5087,35.7613
2961,29,720,10,331,406,4273,20.1485,MS_099,Unknown,33.9175,0.3322,8.2474,0.1145,3.7915,4.6506,48.9462
627,146,315,1,42,864,621,21.4556,MS_101,Skin,23.9679,5.581,12.0413,0.0382,1.6055,33.0275,23.7385
18283,872,19840,2062,41554,10243,114683,79.4577,MS_102,Unknown,8.8095,0.4202,9.5597,0.9936,20.0225,4.9355,55.2591
32,3,28,0,59,4,446,17.4329,MS_103,Unknown,5.5944,0.5245,4.8951,0.0,10.3147,0.6993,77.972
408,12,204,6,0,137,92,16.6416,MS_104,OralH,47.4971,1.397,23.7485,0.6985,0.0,15.9488,10.7101
372,0,65,0,3,6,295,17.5361,MS_105,OralH,50.2024,0.0,8.7719,0.0,0.4049,0.8097,39.8111
7980,65,9627,51,2505,5773,9429,28.5881,MS_106,OralTM,22.5233,0.1835,27.1719,0.1439,7.0703,16.2941,26.613
40879,718,42072,5640,9558,9767,61039,90.2129,MS_107,Unknown,24.0928,0.4232,24.7959,3.324,5.6332,5.7564,35.9745
5867,51,3387,158,692,742,6389,24.4859,MS_108,Unknown,33.9408,0.295,19.5939,0.914,4.0032,4.2925,36.9605
10282,93,5648,726,1422,1287,13303,31.5197,MS_109,Unknown,31.3849,0.2839,17.24,2.216,4.3405,3.9285,40.6062
37108,429,12815,13049,12739,5124,68231,84.8966,MS_113,Unknown,24.8222,0.287,8.5722,8.7287,8.5214,3.4275,45.641
3780,31,1445,333,298,838,7565,28.2066,MS_114,Unknown,26.4521,0.2169,10.112,2.3303,2.0854,5.8642,52.9391
40693,611,43603,16958,13804,17417,56335,57.9848,MS_117,Unknown,21.4828,0.3226,23.0191,8.9525,7.2875,9.1949,29.7406
20356,344,57675,891,2234,17984,12210,32.2326,MS_118,OralTM,18.2248,0.308,51.6366,0.7977,2.0001,16.1011,10.9317
84750,841,18238,4302,6105,4673,27000,33.8898,MS_121,OralH,58.0841,0.5764,12.4996,2.9484,4.1841,3.2027,18.5047
37296,393,20537,1304,10493,5453,22001,59.167,MS_122,OralH,38.2613,0.4032,21.0686,1.3378,10.7646,5.5941,22.5705
108513,34909,17850,2856,9160,1346,111008,92.9919,MS_133,Unknown,37.9892,12.2212,6.2491,0.9999,3.2068,0.4712,38.8626
270520,68725,24467,6031,14316,4835,306611,231.2152,MS_134,Unknown,38.8955,9.8813,3.5179,0.8671,2.0584,0.6952,44.0847
55730,30923,10728,4338,9211,2317,136944,96.925,MS_135,Unknown,22.275,12.3598,4.2879,1.7339,3.6816,0.9261,54.7358
117809,16560,81164,2549,7259,4622,76571,59.995,MS_136,OralH,38.4326,5.4023,26.478,0.8316,2.3681,1.5078,24.9796
60831,33895,20419,3194,7691,4754,88145,76.6981,MS_137,Unknown,27.7857,15.4822,9.3268,1.4589,3.513,2.1715,40.2619
925,41,861,92,852,1054,470,18.2699,MS_C02,Skin,21.5367,0.9546,20.0466,2.142,19.837,24.5402,10.943
1274,30,957,122,1122,3259,742,19.0277,MS_C03,Skin,16.9731,0.3997,12.7498,1.6254,14.948,43.4186,9.8854
33472,156,3272,135,1092,4209,14950,23.495,MTM001,OralH,58.4296,0.2723,5.7117,0.2357,1.9062,7.3473,26.0971
13659,418,45928,394,3766,18218,5057,22.7508,MTM002,OralTM,15.621,0.478,52.5252,0.4506,4.307,20.8349,5.7834
70057,112,1739,594,2670,5172,8964,23.8591,MTM004,OralH,78.4443,0.1254,1.9472,0.6651,2.9897,5.7912,10.0372
32734,129,3634,141,591,3231,13623,23.6481,MTM005,OralH,60.5255,0.2385,6.7193,0.2607,1.0928,5.9742,25.1891
84084,458,24312,778,7206,15014,18885,29.048,MTM006,OralH,55.7819,0.3038,16.1288,0.5161,4.7805,9.9604,12.5284
94082,296,5496,681,4259,7079,25420,28.4779,MTM008,OralH,68.5165,0.2156,4.0025,0.4959,3.1017,5.1554,18.5124
89462,196,3774,613,699,2678,5071,21.0726,MTM009,OralH,87.286,0.1912,3.6822,0.5981,0.682,2.6129,4.9477
7296,184,6836,135,999,2996,4007,20.5272,MV_002,OralH,32.4945,0.8195,30.4458,0.6013,4.4493,13.3434,17.8462
3158,94,1305,43,0,1145,737,17.4841,MV_005,OralH,48.7195,1.4502,20.1327,0.6634,0.0,17.6643,11.3699
7294,63,9288,101,97,866,7363,24.4903,MV_006,OralTM,29.0922,0.2513,37.0453,0.4028,0.3869,3.4541,29.3674
297,4,990,12,192,179,1191,17.5823,MV_007,Unknown,10.3665,0.1396,34.555,0.4188,6.7016,6.2478,41.5707
3622,488,8616,109,1193,2433,10390,28.6352,MV_008,Unknown,13.4893,1.8174,32.0882,0.4059,4.443,9.0611,38.695
29521,480,23754,2227,8367,4100,36203,60.7273,MV_010,Unknown,28.2087,0.4587,22.6981,2.128,7.9951,3.9177,34.5937
20992,272,21844,601,4171,3610,30412,61.8457,MV_013,Unknown,25.6306,0.3321,26.6709,0.7338,5.0927,4.4077,37.1322
21124,344,11744,611,3964,3228,22404,37.6309,MV_015,Unknown,33.3086,0.5424,18.5181,0.9634,6.2505,5.09,35.327
49705,674,17628,5757,8977,6587,89025,80.9985,MV_016,Unknown,27.8689,0.3779,9.8838,3.2279,5.0333,3.6932,49.9151
6882,206,5297,396,3038,3258,823,17.8723,MV_017,OralH,34.5829,1.0352,26.6181,1.9899,15.2663,16.3719,4.1357
9003,131,4792,111,844,1552,9042,21.7391,MV_018,Unknown,35.3405,0.5142,18.8106,0.4357,3.3131,6.0922,35.4936
7346,62,3519,82,1116,881,8553,21.5548,MV_019,Unknown,34.0739,0.2876,16.3226,0.3804,5.1765,4.0865,39.6725
10461,204,4443,267,1727,1843,7780,20.8588,MV_020,OralH,39.1431,0.7633,16.6249,0.9991,6.4621,6.8962,29.1113
26391,370,25253,1276,7256,3444,34905,38.2443,MV_021,Unknown,26.6859,0.3741,25.5352,1.2903,7.3371,3.4825,35.295
19028,288,17211,578,7394,2688,16528,31.6811,MV_022,OralH,29.8642,0.452,27.0125,0.9072,11.6048,4.2188,25.9405
6427,778,34680,236,3284,12339,20003,37.4823,MV_024,OralTM,8.2666,1.0007,44.6062,0.3035,4.224,15.8707,25.7283
8149,87,10688,197,1255,989,7453,21.8591,MV_025,OralTM,28.2775,0.3019,37.0879,0.6836,4.3549,3.4319,25.8623
7964,129,4700,106,1118,1420,5039,21.1263,MV_027,OralH,38.8943,0.63,22.9537,0.5177,5.4601,6.9349,24.6093
2289,36,504,24,45,512,886,17.4804,MV_028,OralH,53.2821,0.838,11.7318,0.5587,1.0475,11.9181,20.6238
592,12,370,6,0,139,183,16.8638,MV_029,OralH,45.4685,0.9217,28.4178,0.4608,0.0,10.6759,14.0553
39224,595,24488,4442,9821,3887,91078,116.3542,MV_036,Unknown,22.6029,0.3429,14.1113,2.5597,5.6594,2.2399,52.4839
1651,11,328,48,354,66,1770,17.5137,MV_038,Unknown,39.0492,0.2602,7.7578,1.1353,8.3728,1.561,41.8638
48466,765,23851,8191,15842,5082,196661,220.9815,MV_039,Unknown,16.2171,0.256,7.9807,2.7408,5.3008,1.7005,65.8042
4874,92,1577,41,53,1128,2270,18.3113,MV_041,OralH,48.57,0.9168,15.715,0.4086,0.5282,11.2407,22.6208
33689,424,23420,9259,6651,3845,52151,89.561,MV_043,Unknown,26.0269,0.3276,18.0935,7.1532,5.1383,2.9705,40.29
10898,260,11050,648,1941,4084,14627,34.6205,MV_045,Unknown,25.0483,0.5976,25.3976,1.4894,4.4612,9.3868,33.6191
0,0,0,0,0,0,14,16.6101,MV_046,Unknown,0.0,0.0,0.0,0.0,0.0,0.0,100.0
27943,530,27906,832,7144,8903,34346,75.4247,MV_048,Unknown,25.9684,0.4925,25.934,0.7732,6.6392,8.2739,31.9189
0,0,0,0,0,0,0,16.2388,MV_049,TIE,,,,,,,
49639,5849,42210,1338,8939,9098,75207,78.5503,MV_051,Unknown,25.816,3.0419,21.9524,0.6959,4.6489,4.7316,39.1133
177201,4866,158462,4361,13054,10245,105657,80.6104,MV_052,OralH,37.3963,1.0269,33.4417,0.9203,2.7549,2.1621,22.2978
135579,3241,125816,4048,10024,6629,63439,56.8741,MV_055,OralH,38.8728,0.9292,36.0736,1.1606,2.8741,1.9006,18.189
77345,4926,305283,2867,16317,58939,83007,72.0632,MV_056,OralTM,14.0965,0.8978,55.6391,0.5225,2.9738,10.7419,15.1284
187714,9832,161426,5561,18294,15043,192344,202.665,MV_057,Unknown,31.8044,1.6658,27.3504,0.9422,3.0996,2.5487,32.5889
98333,2633,100744,3139,9023,6203,41098,40.7178,MV_058,OralTM,37.6505,1.0081,38.5737,1.2019,3.4548,2.3751,15.7359
365564,7839,310073,8071,21469,39222,252500,203.12,MV_059,OralH,36.384,0.7802,30.8611,0.8033,2.1368,3.9037,25.1309
18681,593,18175,966,9819,8145,78676,62.7514,MV_060,Unknown,13.8321,0.4391,13.4575,0.7153,7.2704,6.0309,58.2548
95237,5662,89674,2537,13834,9473,68631,55.2448,MV_062,OralH,33.4109,1.9863,31.4593,0.89,4.8532,3.3233,24.077
206416,6005,217749,4603,16463,26255,130988,106.9268,MV_065,OralTM,33.9233,0.9869,35.7858,0.7565,2.7056,4.3149,21.5271
135929,9301,133012,3961,14201,13950,187569,174.6907,MV_066,Unknown,27.2992,1.868,26.7134,0.7955,2.852,2.8016,37.6703
112877,6525,111790,2734,15150,11979,101830,77.4363,MV_067,OralH,31.1054,1.7981,30.8059,0.7534,4.1749,3.301,28.0612
160972,6915,178744,4755,15970,18671,119284,88.8825,MV_068p,OralTM,31.856,1.3685,35.3731,0.941,3.1604,3.695,23.6061
365328,5052,197213,6047,15222,10283,150888,125.4647,MV_070,OralH,48.7083,0.6736,26.2939,0.8062,2.0295,1.371,20.1175
79744,3689,81767,2284,10671,13419,61476,47.6285,MV_072p,OralTM,31.5131,1.4578,32.3126,0.9026,4.217,5.3029,24.294
80260,8164,87983,2766,16287,21899,171767,162.9137,MV_074,Unknown,20.6257,2.098,22.6104,0.7108,4.1855,5.6277,44.1417
282923,8860,246602,6247,21494,13726,218601,260.4001,MV_075,OralH,35.4339,1.1096,30.885,0.7824,2.692,1.7191,27.3781
116151,3033,140504,2730,11073,8245,65376,63.7328,MV_076,OralTM,33.4621,0.8738,40.478,0.7865,3.19,2.3753,18.8343
100446,1774,72029,3765,11692,7448,94424,86.6107,MV_077,OralH,34.4491,0.6084,24.7032,1.2912,4.0099,2.5544,32.3838
208945,4698,196971,5877,14809,8308,108319,91.9297,MV_078,OralH,38.1337,0.8574,35.9484,1.0726,2.7027,1.5163,19.7689
205060,8870,184905,5117,17295,14105,170865,168.7297,MV_079p,OralH,33.8262,1.4632,30.5015,0.8441,2.8529,2.3267,28.1855
53809,649,35989,958,4289,2367,5927,23.1952,MV_081,OralH,51.7454,0.6241,34.6088,0.9213,4.1245,2.2762,5.6997
457673,6109,193393,8542,13991,8584,178006,131.1662,MV_082,OralH,52.8309,0.7052,22.3241,0.986,1.615,0.9909,20.5479
108893,4241,83370,3099,11121,6115,55138,51.2701,MV_083,OralH,40.0376,1.5593,30.6533,1.1394,4.0889,2.2484,20.273
8851,136,7378,435,1408,813,1432,19.9478,MV_087,OralH,43.2748,0.6649,36.0729,2.1268,6.8841,3.975,7.0014
144798,2837,116083,3755,11924,6801,50166,47.8689,MV_088,OralH,43.048,0.8434,34.5111,1.1164,3.545,2.0219,14.9142
156355,5579,153600,4843,15608,9530,82165,80.9348,MV_089,OralH,36.5589,1.3045,35.9147,1.1324,3.6495,2.2283,19.2118
234924,4715,131793,3719,14343,9820,81003,57.1836,MV_090,OralH,48.9102,0.9816,27.4388,0.7743,2.9862,2.0445,16.8645
161076,4015,159574,4213,11270,6434,82610,75.6811,MV_091,OralH,37.5301,0.9355,37.1801,0.9816,2.6259,1.4991,19.2478
177289,7601,146048,4298,15241,11311,149327,110.8218,MV_092,OralH,34.6867,1.4871,28.5744,0.8409,2.9819,2.213,29.2159
84874,2572,100744,2692,9869,11782,34643,47.1811,MV_093,OralTM,34.3375,1.0406,40.758,1.0891,3.9927,4.7666,14.0155
43099,3300,123510,1924,9904,39262,39417,60.4633,MV_095,OralTM,16.5501,1.2672,47.428,0.7388,3.8031,15.0766,15.1362
26134,1052,18003,1062,7629,6570,15126,27.6819,MV_096,OralH,34.5798,1.392,23.8211,1.4052,10.0945,8.6932,20.0143
57276,3170,61616,2147,11096,10753,31307,36.4836,MV_097,OralTM,32.2927,1.7873,34.7397,1.2105,6.256,6.0626,17.6512
243721,1423,57845,9644,15682,7220,125353,89.5452,MV_099,OralH,52.8807,0.3088,12.5508,2.0925,3.4026,1.5665,27.1981
485963,1224,54524,10800,15203,7633,127492,99.6536,MV_100,OralH,69.1429,0.1742,7.7577,1.5366,2.1631,1.086,18.1396
5473,104,2007,52,813,1141,3375,20.4969,MV_102,OralH,42.2137,0.8022,15.4801,0.4011,6.2707,8.8006,26.0316
87154,647,17676,4947,9946,4515,54027,52.6402,MV_103,OralH,48.7133,0.3616,9.8797,2.765,5.5592,2.5236,30.1975
39123,835,154523,16891,10905,29019,96221,199.268,MV_104,OralTM,11.2579,0.2403,44.4649,4.8605,3.138,8.3504,27.6881
59,1,179,0,16,15,431,16.9136,MV_107,Unknown,8.4165,0.1427,25.535,0.0,2.2825,2.1398,61.4836
13888,121,4919,762,3404,1593,17959,36.9061,MV_109,Unknown,32.5658,0.2837,11.5345,1.7868,7.982,3.7354,42.1118
23837,497,19398,1457,5429,3070,54251,72.1718,MV_110,Unknown,22.0838,0.4604,17.9713,1.3498,5.0297,2.8442,50.2608
2190,14,533,58,620,187,1767,18.8296,MV_111,OralH,40.7897,0.2608,9.9274,1.0803,11.5478,3.483,32.9112
50584,969,33043,1652,10844,10381,85945,138.1142,MV_112,Unknown,26.1527,0.501,17.0837,0.8541,5.6065,5.3671,44.4349
44683,637,24154,101385,16274,3603,228405,178.0963,MV_113,Unknown,10.6606,0.152,5.7627,24.1888,3.8827,0.8596,54.4936
17154,473,43948,2236,5456,10995,16938,36.9341,MV_114,OralTM,17.6481,0.4866,45.214,2.3004,5.6132,11.3117,17.4259
29911,538,25039,4347,9652,4672,38303,41.1216,MV_115,Unknown,26.5965,0.4784,22.2644,3.8653,8.5825,4.1543,34.0586
33642,693,49499,3998,8826,19775,47836,62.901,MV_118,OralTM,20.4798,0.4219,30.1329,2.4338,5.3729,12.0382,29.1205
35666,613,38619,4029,8384,11406,57050,64.0172,MV_119,Unknown,22.897,0.3935,24.7928,2.5866,5.3824,7.3225,36.6252
4958,120,7613,109,401,1227,5931,23.2711,MV_120,OralTM,24.3529,0.5894,37.3938,0.5354,1.9696,6.0268,29.1321
766,22,3302,25,11,140,2582,19.8675,MV_122,OralTM,11.1857,0.3213,48.2185,0.3651,0.1606,2.0444,37.7044
3630,24,2991,13,278,419,2604,19.0285,MV_124,OralH,36.4494,0.241,30.0331,0.1305,2.7914,4.2072,26.1472
39352,510,24374,12316,9715,3639,71762,75.2355,MV_126,Unknown,24.3412,0.3155,15.0766,7.6181,6.0092,2.2509,44.3885
32716,462,18704,11466,8651,3594,84152,188.3449,MV_130,Unknown,20.4801,0.2892,11.7087,7.1777,5.4155,2.2498,52.679
3890,6,2969,278,1419,132,1803,19.8134,MV_131,OralH,37.0582,0.0572,28.2843,2.6484,13.5181,1.2575,17.1763
38433,531,27063,15669,9863,3134,103485,119.0967,MV_133,Unknown,19.3932,0.2679,13.6559,7.9065,4.9768,1.5814,52.2182
2240,62,3261,618,1303,638,2090,21.3094,MV_134,OralTM,21.935,0.6071,31.933,6.0517,12.7595,6.2476,20.4661
25356,494,61816,3960,6990,19506,26082,46.0028,MV_135,OralTM,17.5834,0.3426,42.867,2.7461,4.8473,13.5267,18.0869
9639,141,10764,986,599,1087,6660,23.2945,MV_136,OralTM,32.2634,0.472,36.0289,3.3003,2.005,3.6384,22.2921
275,56,893,0,56,1172,141,16.9229,MV_137,Skin,10.6055,2.1597,34.4389,0.0,2.1597,45.1986,5.4377
21725,363,26489,1996,5144,6031,27778,44.7883,MV_139,Unknown,24.2667,0.4055,29.5881,2.2295,5.7458,6.7366,31.0279
29868,558,100139,6345,6666,23806,46216,64.2724,MV_140,OralTM,13.9833,0.2612,46.882,2.9705,3.1208,11.1452,21.6369
4374,53,478,2,332,404,10153,24.3835,MV_148,Unknown,27.6906,0.3355,3.0261,0.0127,2.1018,2.5576,64.2758
668599,1024,23028,3763,19976,26203,64058,79.0422,MV_167,OralH,82.8858,0.1269,2.8548,0.4665,2.4764,3.2484,7.9412
25283,109,1745,201,2558,3356,3497,20.9573,MV_169,OralH,68.7992,0.2966,4.7484,0.547,6.9607,9.1322,9.5159
697424,639,6840,3227,9394,8318,38653,55.4221,MV_175,OralH,91.2268,0.0836,0.8947,0.4221,1.2288,1.088,5.056
136596,860,13619,3462,8929,9058,44190,44.7486,MV_201,OralH,63.0305,0.3968,6.2843,1.5975,4.1202,4.1797,20.3909
123354,1168,32476,3615,16668,22924,64653,60.6666,MV_202,OralH,46.5736,0.441,12.2617,1.3649,6.2932,8.6552,24.4104
149056,1380,93099,2749,9428,24756,69729,55.7783,MV_203,OralH,42.5635,0.3941,26.5848,0.785,2.6922,7.0692,19.9114
44913,703,15591,2393,6788,3722,26130,32.5489,MV_204,OralH,44.8055,0.7013,15.5537,2.3873,6.7717,3.7131,26.0674
76740,1551,23142,2434,10464,9676,110213,128.1515,MV_206,Unknown,32.7641,0.6622,9.8805,1.0392,4.4676,4.1312,47.0553
137685,1678,47790,4995,15547,11534,82601,63.9439,MV_207,OralH,45.6167,0.5559,15.8334,1.6549,5.1509,3.8214,27.3667
175911,813,14505,3860,10422,5146,65648,55.8606,MV_208,OralH,63.6655,0.2942,5.2496,1.397,3.7719,1.8624,23.7593
128589,1278,30593,6060,12704,6692,89824,57.7414,MV_209,OralH,46.6341,0.4635,11.0949,2.1977,4.6072,2.4269,32.5756
157205,1597,25955,3072,20747,10479,135407,71.4819,MV_210,OralH,44.3503,0.4505,7.3224,0.8667,5.8531,2.9563,38.2007
395895,1144,37171,10707,12971,5746,101454,66.1765,MV_211,OralH,70.059,0.2024,6.5779,1.8947,2.2954,1.0168,17.9537
73320,1236,17337,4716,8912,5628,107902,65.455,MV_212,Unknown,33.4717,0.5643,7.9146,2.1529,4.0685,2.5693,49.2588
195222,957,28909,5844,9895,3958,51725,46.0458,MV_213,OralH,65.8399,0.3228,9.7498,1.9709,3.3372,1.3349,17.4446
29923,1070,146920,2207,11031,36588,91477,73.1894,MV_214,OralTM,9.3739,0.3352,46.0253,0.6914,3.4557,11.4618,28.6568
78844,1559,37232,5943,9472,7992,132666,103.817,MV_215,Unknown,28.8059,0.5696,13.6028,2.1713,3.4606,2.9199,48.4699
231420,1561,35312,3836,18212,26376,103007,65.4685,MV_216,OralH,55.1362,0.3719,8.4131,0.9139,4.339,6.2841,24.5416
25255,547,14324,2129,8938,10928,26998,43.6568,MV_223,Unknown,28.3385,0.6138,16.0729,2.3889,10.0293,12.2623,30.2943
5983,93,1954,331,2596,881,1401,17.9012,MV_225,OralH,45.1922,0.7025,14.7594,2.5002,19.6087,6.6546,10.5824
7979,93,1557,354,1404,463,1134,20.2935,MV_227,OralH,61.4526,0.7163,11.9917,2.7264,10.8133,3.5659,8.7338
132899,671,10759,3481,6474,1360,48887,47.6465,MV_229,OralH,64.9774,0.3281,5.2603,1.7019,3.1653,0.6649,23.902
3858,62,927,558,1700,870,1201,21.4456,MV_230,OralH,42.0445,0.6757,10.1024,6.0811,18.5266,9.4813,13.0885
22233,605,51837,2266,7934,26583,21075,34.8818,MV_231,OralTM,16.7754,0.4565,39.1125,1.7098,5.9864,20.0576,15.9017
164288,823,28420,1201,6077,18116,74655,120.0654,MV_232,OralH,55.9602,0.2803,9.6805,0.4091,2.07,6.1707,25.4292
62346,461,11474,823,3783,13391,16529,34.1599,MV_233,OralH,57.2996,0.4237,10.5453,0.7564,3.4768,12.3071,15.1911
40177,495,91449,599,8805,31386,9353,28.3559,MV_234,OralTM,22.0433,0.2716,50.1739,0.3286,4.8309,17.2201,5.1316
1236,36,618,22,0,427,795,18.5082,MV_235,OralH,39.4384,1.1487,19.7192,0.702,0.0,13.6248,25.3669
344,12,139,6,0,143,30,16.5393,MV_236,OralH,51.0386,1.7804,20.6231,0.8902,0.0,21.2166,4.451
24518,467,13271,714,4258,8362,7882,24.2128,MV_237,OralH,41.2261,0.7852,22.3147,1.2006,7.1597,14.0604,13.2533
0,0,0,0,0,0,0,16.092,MV_239,TIE,,,,,,,
350,12,136,4,0,144,57,16.9344,MV_240,OralH,49.7866,1.707,19.3457,0.569,0.0,20.4836,8.1081
1602,0,79,0,0,264,105,16.6637,MV_243,OralH,78.1463,0.0,3.8537,0.0,0.0,12.878,5.122
16477,293,4392,783,3712,3131,4715,22.4757,MV_244,OralH,49.1807,0.8745,13.1093,2.3371,11.0796,9.3454,14.0734
268120,880,40278,1566,6713,30294,32841,56.3753,MV_245,OralH,70.4296,0.2312,10.5802,0.4114,1.7634,7.9576,8.6267
593576,1094,70669,2439,19984,49633,190657,144.039,MV_247,OralH,63.9593,0.1179,7.6148,0.2628,2.1533,5.3481,20.5438
39970,446,10549,818,6558,6936,49490,50.4113,MV_281,Unknown,34.8271,0.3886,9.1917,0.7127,5.7142,6.0435,43.1222
36256,503,6689,607,1383,4964,41189,44.0315,MV_282,Unknown,39.5847,0.5492,7.3031,0.6627,1.51,5.4197,44.9706
14501,479,52737,821,7025,17955,9137,24.7215,MV_283,OralTM,14.126,0.4666,51.373,0.7998,6.8433,17.4906,8.9007
25855,382,25941,2452,6543,4704,70954,88.9518,MV_284,Unknown,18.8956,0.2792,18.9584,1.792,4.7818,3.4378,51.8552
15553,348,20118,2767,2380,5693,17957,38.7568,MV_285,OralTM,23.9956,0.5369,31.0386,4.269,3.6719,8.7833,27.7046
11740,168,17918,803,2336,2621,17039,34.7889,MV_286,OralTM,22.3088,0.3192,34.0485,1.5259,4.439,4.9805,32.3781
40971,694,38105,11100,15410,11197,108347,146.2204,MV_287,Unknown,18.1429,0.3073,16.8738,4.9153,6.8239,4.9583,47.9785
352,0,71,0,24,15,70,17.072,MV_288,OralH,66.1654,0.0,13.3459,0.0,4.5113,2.8195,13.1579
0,0,0,0,0,0,0,16.3705,MV_289,TIE,,,,,,,
5914,95,9621,84,616,1469,11439,27.9905,MV_290,Unknown,20.2271,0.3249,32.9058,0.2873,2.1068,5.0243,39.1237
25521,388,46725,8500,7126,12805,40349,53.1885,MV_291,OralTM,18.047,0.2744,33.0413,6.0107,5.0391,9.055,28.5325
41125,886,198626,3476,14527,54558,80612,88.2715,MV_292,OralTM,10.4429,0.225,50.437,0.8827,3.6888,13.8539,20.4698
382,5,569,25,482,730,404,18.8765,MV_C02,Skin,14.7093,0.1925,21.9099,0.9626,18.5599,28.1094,15.5564
0,0,0,0,0,0,22,16.9146,MV_C03,Unknown,0.0,0.0,0.0,0.0,0.0,0.0,100.0
273094,648,6814,1791,13920,8178,46140,46.7811,OME002,OralH,77.8967,0.1848,1.9436,0.5109,3.9705,2.3327,13.1609
201502,570,7576,1699,10525,5364,46833,47.6683,OME003,OralH,73.5224,0.208,2.7643,0.6199,3.8403,1.9572,17.088
100522,343,3577,742,5614,3860,29876,37.9059,OME005,OralH,69.549,0.2373,2.4749,0.5134,3.8842,2.6707,20.6706
87950,294,3893,800,8474,4112,29069,40.843,OME007,OralH,65.3456,0.2184,2.8924,0.5944,6.2961,3.0552,21.5979
138267,325,3691,538,6240,4515,25790,32.4335,OME009,OralH,77.0865,0.1812,2.0578,0.2999,3.4789,2.5172,14.3784
31099,1111,38189,13840,13500,30053,123699,80.5108,R10,Unknown,12.3659,0.4418,15.185,5.5032,5.368,11.9499,49.1863
29227,838,21230,16571,6643,7810,57271,68.8692,R11,Unknown,20.9377,0.6003,15.2088,11.8712,4.7589,5.595,41.028
30503,739,16227,7662,7182,4211,53104,89.4942,R1,Unknown,25.4982,0.6177,13.5646,6.4049,6.0036,3.5201,44.3909
36719,746,32797,8116,11690,25206,72497,94.3861,R2,Unknown,19.5552,0.3973,17.4665,4.3223,6.2257,13.4238,38.6093
35175,797,17830,128227,10146,6072,258877,112.7083,R3,Unknown,7.6948,0.1744,3.9005,28.0508,2.2195,1.3283,56.6317
28314,708,17295,3907,4990,4141,49813,46.4078,R4,Unknown,25.9362,0.6485,15.8426,3.5789,4.5709,3.7932,45.6297
26387,509,17081,3305,5636,4091,39036,64.8803,R5,Unknown,27.4736,0.53,17.7844,3.4411,5.8681,4.2595,40.6434
25724,638,24307,4860,7195,7556,46367,89.0423,R6,Unknown,22.0529,0.5469,20.8381,4.1664,6.1682,6.4777,39.7498
24071,748,27691,1743,9963,25788,53571,54.7222,R7,Unknown,16.7655,0.521,19.2868,1.214,6.9392,17.9613,37.3122
29159,471,18133,4324,4435,4540,50074,69.3109,R8,Unknown,26.2372,0.4238,16.316,3.8907,3.9906,4.0851,45.0565
34746,720,20978,5011,9384,5802,59142,78.7001,R9,Unknown,25.5894,0.5303,15.4497,3.6904,6.911,4.273,43.5563
0,0,0,0,0,0,0,17.5555,RB_005,TIE,,,,,,,
0,0,0,0,0,0,28,17.1043,RB_C01,Unknown,0.0,0.0,0.0,0.0,0.0,0.0,100.0
29374,1142,30521,4139,26371,15883,119915,95.5007,RM_028,Unknown,12.9205,0.5023,13.425,1.8206,11.5996,6.9863,52.7458
32406,328,4959,950,7975,4248,14303,29.8743,RM_029,OralH,49.7261,0.5033,7.6094,1.4577,12.2374,6.5184,21.9476
13372,230,3533,516,2513,3403,5785,23.0641,RM_030,OralH,45.5574,0.7836,12.0367,1.758,8.5616,11.5938,19.709
32295,756,30220,1299,14271,16068,52497,61.542,RM_031,Unknown,21.9089,0.5129,20.5012,0.8812,9.6814,10.9005,35.6139
23826,556,27856,1036,19166,14746,31547,50.7691,RM_032,Unknown,20.0669,0.4683,23.461,0.8725,16.1421,12.4195,26.5697
57893,1181,22462,3541,22515,14953,88547,93.0046,RM_033,Unknown,27.4255,0.5595,10.6409,1.6775,10.666,7.0836,41.9471
10600,207,2534,418,4235,1923,6620,23.0664,RM_034,OralH,39.9442,0.78,9.5489,1.5752,15.9588,7.2465,24.9463
46674,898,45028,2067,15519,22960,91853,89.2333,RM_035,Unknown,20.7441,0.3991,20.0125,0.9187,6.8974,10.2045,40.8237
58484,853,17915,2760,26894,13293,83628,88.1057,RM_039,Unknown,28.693,0.4185,8.7893,1.3541,13.1945,6.5217,41.0289
47882,836,28317,3109,21419,17320,60796,57.9104,RM_040,Unknown,26.6486,0.4653,15.7598,1.7303,11.9207,9.6394,33.8359
43433,1089,30855,2064,20598,17463,56588,64.9235,RM_041,Unknown,25.2385,0.6328,17.9296,1.1994,11.9693,10.1476,32.8828
45004,925,29906,2681,18634,19032,68912,64.0364,RM_042,Unknown,24.3141,0.4997,16.1572,1.4485,10.0673,10.2823,37.2308
32721,526,195531,901,7244,45746,65560,70.5065,RM_043,OralTM,9.3964,0.1511,56.1501,0.2587,2.0802,13.1368,18.8267
14642,126,18615,130,2780,4673,47220,57.2944,RM_044,Unknown,16.6035,0.1429,21.1088,0.1474,3.1524,5.299,53.5459
20784,303,7245,605,7236,4456,33370,44.8234,RM_045,Unknown,28.0869,0.4095,9.7907,0.8176,9.7785,6.0217,45.0952
31112,703,124605,1994,14744,38479,59923,69.6231,RM_046,OralTM,11.4568,0.2589,45.8849,0.7343,5.4294,14.1696,22.0662
55405,824,133193,2173,21665,38177,95331,113.8785,RM_048,OralTM,15.9775,0.2376,38.4098,0.6266,6.2477,11.0094,27.4913
101788,1111,181833,6845,18383,38441,178293,140.3603,RM_050,OralTM,19.3258,0.2109,34.5235,1.2996,3.4903,7.2985,33.8513
0,0,87,0,0,0,62,16.5182,RM_053,OralTM,0.0,0.0,58.3893,0.0,0.0,0.0,41.6107
82337,739,13061,5651,14159,6861,115399,123.5369,RM_055,Unknown,34.5653,0.3102,5.483,2.3723,5.944,2.8803,48.4448
7764,73,2847,183,2194,1752,5414,22.307,RM_056,OralH,38.3843,0.3609,14.0752,0.9047,10.8469,8.6617,26.7662
20331,190,1888,152,3731,1540,41960,76.4118,RM_057,Unknown,29.1308,0.2722,2.7052,0.2178,5.3459,2.2066,60.1215
34140,763,25189,2014,8390,12073,38970,61.949,RM_060,Unknown,28.0897,0.6278,20.725,1.6571,6.9031,9.9334,32.0638
272952,1055,177519,2128,8345,49891,40372,60.1467,RM_063,OralH,49.4244,0.191,32.144,0.3853,1.5111,9.0339,7.3103
331502,1275,287087,2993,20174,87516,163575,143.1098,RM_064,OralH,37.0757,0.1426,32.1083,0.3347,2.2563,9.7879,18.2945
631448,1372,69759,3440,14474,31326,90877,92.8632,RM_066,OralH,74.9319,0.1628,8.2781,0.4082,1.7176,3.7174,10.7841
819012,1179,22851,4911,12253,18717,188241,169.6898,RM_070,OralH,76.7466,0.1105,2.1413,0.4602,1.1482,1.7539,17.6394
281218,1435,64816,3796,18000,36424,102128,125.3637,RM_071,OralH,55.3778,0.2826,12.7637,0.7475,3.5446,7.1727,20.1112
896290,1672,33644,7956,23438,39604,275751,249.8559,RM_072,OralH,70.1128,0.1308,2.6318,0.6224,1.8335,3.098,21.5708
543051,1455,24102,3679,14682,23520,167347,145.6674,RM_073,OralH,69.8156,0.1871,3.0986,0.473,1.8875,3.0238,21.5144
652462,2009,47281,6980,22141,42764,295775,242.5632,RM_074,OralH,61.0113,0.1879,4.4212,0.6527,2.0704,3.9988,27.6577
631497,1903,43533,7407,17254,43770,221972,200.9486,RM_079,OralH,65.2821,0.1967,4.5003,0.7657,1.7837,4.5248,22.9467
194203,812,17495,1950,9115,14888,44604,55.7402,RM_080,OralH,68.6067,0.2869,6.1805,0.6889,3.2201,5.2595,15.7574
464205,1590,109685,5198,17842,47172,141368,111.3021,RM_081,OralH,58.9796,0.202,13.936,0.6604,2.2669,5.9934,17.9615
440789,1240,37612,3364,16272,25963,128888,121.5219,RM_082,OralH,67.3857,0.1896,5.7499,0.5143,2.4876,3.9691,19.7038
573446,1283,28879,3835,13478,19559,111296,94.9141,RM_083,OralH,76.2788,0.1707,3.8414,0.5101,1.7928,2.6017,14.8044
191083,980,15606,2497,9695,16344,53033,51.6331,RM_085,OralH,66.0643,0.3388,5.3956,0.8633,3.3519,5.6507,18.3354
430353,1421,67280,3935,15516,33414,139576,134.9293,RM_086,OralH,62.2352,0.2055,9.7296,0.5691,2.2438,4.8321,20.1847
635112,1371,20458,5090,23944,26579,144512,116.6583,RM_088,OralH,74.103,0.16,2.387,0.5939,2.7937,3.1012,16.8612
3465,105,3080,9,166,4106,125,17.2787,RM_089,Skin,31.3404,0.9497,27.8582,0.0814,1.5014,37.1382,1.1306
576850,1393,29697,2646,9661,51904,110503,113.4842,RM_091,OralH,73.7043,0.178,3.7944,0.3381,1.2344,6.6318,14.119
353803,1093,236546,1996,14963,57610,106563,88.3179,RM_093,OralH,45.7954,0.1415,30.6179,0.2584,1.9368,7.4569,13.7932
355133,1153,22287,5050,13683,71987,75023,76.5856,RM_096,OralH,65.2439,0.2118,4.0945,0.9278,2.5138,13.2252,13.783
174343,599,6902,2000,41090,18308,90385,67.2347,RM_101,OralH,52.2569,0.1795,2.0688,0.5995,12.3161,5.4876,27.0916
29265,631,6300,1527,40017,8592,52572,43.3039,RM_102,Unknown,21.0685,0.4543,4.5355,1.0993,28.8091,6.1856,37.8477
126371,892,8135,2174,102342,15267,108750,77.6771,RM_103,OralH,34.7239,0.2451,2.2353,0.5974,28.1213,4.195,29.882
53262,528,5414,1615,39000,6319,62879,56.7715,RM_104,Unknown,31.5128,0.3124,3.2032,0.9555,23.0746,3.7387,37.2028
822993,1134,16813,4065,27020,19228,120698,103.4816,RM_105,OralH,81.3274,0.1121,1.6614,0.4017,2.6701,1.9001,11.9273
389717,858,18785,2109,26322,94288,238988,136.4872,RM_106,OralH,50.5426,0.1113,2.4362,0.2735,3.4137,12.2282,30.9945
18637,678,10595,1355,55469,15478,87316,55.0405,RM_107,Unknown,9.8334,0.3577,5.5902,0.7149,29.2669,8.1666,46.0702
76907,889,19877,1621,62999,25326,109330,66.1732,RM_108,Unknown,25.8991,0.2994,6.6937,0.5459,21.2154,8.5287,36.8178
16763,592,15983,1434,21705,14753,29702,34.2619,RM_109,Unknown,16.6082,0.5865,15.8354,1.4208,21.5046,14.6168,29.4277
89169,1472,66680,4135,17492,27856,172578,124.6516,RM_112,Unknown,23.5038,0.388,17.576,1.0899,4.6107,7.3425,45.4892
113558,597,16005,2099,10685,17814,101111,206.0888,RM_113,OralH,43.3644,0.228,6.1118,0.8015,4.0803,6.8026,38.6113
44537,783,17659,1876,5402,9843,42139,50.6558,RM_114,OralH,36.4344,0.6405,14.4463,1.5347,4.4192,8.0523,34.4726
87863,1365,20241,3284,10322,9334,126899,103.0469,RM_116,Unknown,33.8836,0.5264,7.8058,1.2664,3.9806,3.5996,48.9376
7887,116,1604,121,788,1703,3268,19.8132,RM_117,OralH,50.9266,0.749,10.3571,0.7813,5.0881,10.9963,21.1016
78869,654,51674,1017,6918,29116,34003,58.6928,RM_118,OralH,38.9956,0.3234,25.5494,0.5028,3.4205,14.396,16.8123
1607,66,216,9,0,378,333,18.2588,RM_120,OralH,61.5945,2.5297,8.279,0.345,0.0,14.4883,12.7635
28020,443,7318,1006,3859,6664,20395,27.7508,RM_121,OralH,41.3854,0.6543,10.8087,1.4859,5.6997,9.8427,30.1233
19118,195,2853,78,196,3666,30927,31.8057,RM_122,Unknown,33.5209,0.3419,5.0024,0.1368,0.3437,6.4279,54.2265
90794,1342,22642,2957,13236,12115,127989,76.8235,RM_123,Unknown,33.4941,0.4951,8.3527,1.0908,4.8828,4.4692,47.2153
35844,501,6756,1037,6049,4146,29083,33.9422,RM_124,OralH,42.9702,0.6006,8.0992,1.2432,7.2516,4.9703,34.865
57253,995,58525,1504,13430,32683,128062,101.3535,RM_125,Unknown,19.5769,0.3402,20.0118,0.5143,4.5922,11.1755,43.7891
49518,707,13159,1448,7102,8223,51594,44.6763,RM_126,Unknown,37.5845,0.5366,9.9878,1.099,5.3905,6.2413,39.1602
37732,866,86109,1437,6022,25325,75215,69.5589,RM_127,OralTM,16.2145,0.3721,37.0033,0.6175,2.5878,10.8828,32.3219
57495,1138,16745,1926,9976,9350,81342,63.9863,RM_128,Unknown,32.3056,0.6394,9.4088,1.0822,5.6054,5.2536,45.7049
33859,660,17084,1710,6762,14730,27652,31.517,RM_129,OralH,33.047,0.6442,16.6743,1.669,6.5998,14.3768,26.9889
45516,847,30212,2038,7695,13818,34766,38.7458,RM_130,OralH,33.7425,0.6279,22.3972,1.5108,5.7046,10.2438,25.7732
44237,645,25322,1142,7601,20601,78356,57.7711,RM_131,Unknown,24.8657,0.3626,14.2335,0.6419,4.2725,11.5798,44.044
55954,1068,169404,2162,16087,51635,160174,111.658,RM_133,OralTM,12.2576,0.234,37.1106,0.4736,3.5241,11.3115,35.0886
161350,2210,98509,7084,42517,52572,334238,255.8793,RM_135,Unknown,23.1002,0.3164,14.1033,1.0142,6.0871,7.5266,47.8522
96689,1115,18969,3895,12162,9488,125601,99.4164,RM_136,Unknown,36.0889,0.4162,7.0801,1.4538,4.5394,3.5414,46.8802
164695,2385,156542,7097,21020,48793,279728,233.9219,RM_137,Unknown,24.2106,0.3506,23.0121,1.0433,3.09,7.1727,41.1207
67923,1017,15781,3140,8490,8163,79011,57.7188,RM_138,Unknown,37.0102,0.5541,8.5988,1.7109,4.6261,4.4479,43.0519
85390,1306,30466,4139,14407,15351,99900,78.3586,RM_140,Unknown,34.0255,0.5204,12.1398,1.6493,5.7408,6.1169,39.8073
21718,409,6908,779,16651,6264,24021,49.9856,RM_142,Unknown,28.2971,0.5329,9.0007,1.015,21.6951,8.1616,31.2977
29135,424,41213,1684,13599,15596,66567,79.0461,RM_144,Unknown,17.3198,0.2521,24.4998,1.0011,8.0842,9.2713,39.5719
5807,4,631,8,987,168,2474,19.3973,RM_145,OralH,57.6148,0.0397,6.2605,0.0794,9.7926,1.6668,24.5461
17153,371,27997,560,8046,13426,12428,30.9116,RM_146,OralTM,21.4463,0.4639,35.0046,0.7002,10.0599,16.7865,15.5387
23868,254,11007,772,7958,3829,49631,58.4991,RM_147,Unknown,24.5255,0.261,11.3102,0.7933,8.1772,3.9345,50.9983
4856,250,6242,372,2555,4786,1724,20.0044,RM_149,OralTM,23.363,1.2028,30.0313,1.7898,12.2925,23.0262,8.2944
26745,378,17153,1464,4177,4653,32652,44.5058,RM_151,Unknown,30.6631,0.4334,19.6659,1.6785,4.7889,5.3347,37.4355
346,6,149,3,6,73,759,18.0492,RM_152,Unknown,25.7824,0.4471,11.1028,0.2235,0.4471,5.4396,56.5574
6468,52,1331,114,778,779,5887,23.5882,RM_153,OralH,41.9755,0.3375,8.6378,0.7398,5.049,5.0555,38.2049
23799,513,17762,751,9440,8043,28686,45.1975,RM_155,Unknown,26.7423,0.5764,19.9586,0.8439,10.6075,9.0377,32.2336
19732,506,16496,730,6749,17294,33547,41.8287,RM_156,Unknown,20.7587,0.5323,17.3543,0.768,7.1002,18.1939,35.2926
36420,350,20840,1285,1834,9514,41479,54.1286,RM_162,Unknown,32.5988,0.3133,18.6534,1.1502,1.6416,8.5158,37.127
115323,874,18214,5455,13591,13967,181429,202.4911,RM_164,Unknown,33.0578,0.2505,5.2211,1.5637,3.8959,4.0037,52.0073
79292,689,14194,3355,7709,7363,68061,67.1805,RM_167,OralH,43.8895,0.3814,7.8566,1.857,4.2671,4.0755,37.6729
2885,98,1214,40,0,1210,1855,18.9625,RM_169,OralH,39.5097,1.3421,16.6256,0.5478,0.0,16.5708,25.404
75051,869,70270,1757,10713,22611,118569,144.4377,RM_171,Unknown,25.0303,0.2898,23.4358,0.586,3.5729,7.541,39.5441
41425,544,8836,1549,4435,5869,87524,108.0999,RM_172,Unknown,27.5832,0.3622,5.8835,1.0314,2.9531,3.9079,58.2786
1395845,798,12181,5902,11622,8270,68245,78.9426,RM_173,OralH,92.8791,0.0531,0.8105,0.3927,0.7733,0.5503,4.541
2571991,1268,26178,11164,18374,20708,161373,196.4417,RM_175,OralH,91.4955,0.0451,0.9313,0.3971,0.6536,0.7367,5.7407
69192,810,58265,1467,6318,26753,74852,70.3997,RM_176,Unknown,29.1142,0.3408,24.5164,0.6173,2.6585,11.257,31.4958
1967648,1314,34134,5963,13567,29020,86363,99.5072,RM_177,OralH,92.0318,0.0615,1.5965,0.2789,0.6346,1.3573,4.0394
69785,517,23449,2920,4156,13453,90396,104.1305,RM_178,Unknown,34.0954,0.2526,11.4566,1.4266,2.0305,6.5728,44.1654
1888173,873,15222,6918,10166,5222,78512,99.4919,RM_179,OralH,94.1692,0.0435,0.7592,0.345,0.507,0.2604,3.9156
2226873,2072,31917,9733,29198,51857,307480,317.1516,RM_180,OralH,83.7444,0.0779,1.2003,0.366,1.098,1.9501,11.5632
68570,662,16951,1864,5965,13387,63648,77.9865,RM_181,OralH,40.0884,0.387,9.9101,1.0898,3.4873,7.8265,37.2108
2840410,1654,34872,10198,17030,25378,146695,177.3144,RM_182,OralH,92.3339,0.0538,1.1336,0.3315,0.5536,0.825,4.7687
865199,989,30170,3476,11690,31815,44388,56.1616,RM_183,OralH,87.595,0.1001,3.0545,0.3519,1.1835,3.221,4.494
152556,489,33435,680,6328,38145,8982,27.7966,RM_184,OralH,63.4025,0.2032,13.8956,0.2826,2.6299,15.8531,3.7329
1890307,1341,26069,6245,15349,26232,152130,209.3092,RM_185,OralH,89.2634,0.0633,1.231,0.2949,0.7248,1.2387,7.1838
3263536,1333,27816,11129,13968,14041,185151,270.4286,RM_186,OralH,92.7939,0.0379,0.7909,0.3164,0.3972,0.3992,5.2645
747563,1513,357919,2809,27006,113219,335016,268.4847,RM_187,OralH,47.1635,0.0955,22.581,0.1772,1.7038,7.143,21.1361
2192385,1577,37610,8175,17174,34229,213989,211.491,RM_188,OralH,87.5155,0.063,1.5013,0.3263,0.6856,1.3664,8.542
2055527,1336,68153,8297,19537,35720,120907,123.1813,RM_189,OralH,89.004,0.0578,2.951,0.3593,0.8459,1.5467,5.2353
2368016,1665,212015,8958,20878,66292,199431,212.3021,RM_190,OralH,82.3012,0.0579,7.3687,0.3113,0.7256,2.304,6.9313
2301501,1099,22414,8020,13136,18971,76437,104.4051,RM_191,OralH,94.2628,0.045,0.918,0.3285,0.538,0.777,3.1306
473292,640,66700,2245,5557,59492,62478,66.0396,RM_192,OralH,70.598,0.0955,9.9492,0.3349,0.8289,8.8741,9.3195
9274,207,7361,352,2159,3318,33927,41.3031,RM_193,Unknown,16.3857,0.3657,13.0058,0.6219,3.8146,5.8624,59.9438
16911,273,5151,525,4112,1956,13300,33.431,RM_195,OralH,40.0469,0.6465,12.1981,1.2433,9.7376,4.632,31.4957
5732,145,1979,197,1245,1609,2316,19.2675,RM_197,OralH,43.3487,1.0966,14.9663,1.4898,9.4154,12.1682,17.5149
28303,812,36099,1161,28023,19470,92303,100.0062,RM_199,Unknown,13.7279,0.3938,17.5093,0.5631,13.5921,9.4436,44.7701
14521,279,12178,581,3797,5210,17459,36.6055,RM_200,Unknown,26.8783,0.5164,22.5414,1.0754,7.0282,9.6437,32.3165
16325,215,6981,228,3089,2828,13952,31.6647,RM_201,OralH,37.4272,0.4929,16.0049,0.5227,7.0819,6.4836,31.9868
7565,186,3293,397,2408,2063,1126,18.2279,RM_202,OralH,44.4008,1.0917,19.3274,2.3301,14.1331,12.1082,6.6088
39876,566,18808,2491,10081,9713,38996,57.5351,RM_203,OralH,33.0836,0.4696,15.6043,2.0667,8.3638,8.0585,32.3535
15700,265,5644,853,6715,2595,22453,37.1415,RM_205,Unknown,28.9534,0.4887,10.4085,1.5731,12.3836,4.7856,41.4071
22799,367,8054,620,10068,4991,31742,49.1406,RM_206,Unknown,28.9912,0.4667,10.2415,0.7884,12.8025,6.3466,40.3632
541143,781,22410,1888,10767,21196,24805,42.5008,RM_207,OralH,86.8622,0.1254,3.5972,0.3031,1.7283,3.4023,3.9816
1109883,895,43680,5142,11755,24422,42925,74.1183,RM_208,OralH,89.6005,0.0723,3.5263,0.4151,0.949,1.9716,3.4653
120021,606,74838,1102,10572,76922,43985,56.9172,RM_209,OralH,36.5866,0.1847,22.8133,0.3359,3.2227,23.4485,13.4082
1519880,1446,86541,6519,38858,32532,173165,142.2158,RM_210,OralH,81.7605,0.0778,4.6554,0.3507,2.0903,1.75,9.3152
17337,264,4284,389,4617,4031,9027,23.4237,RM_211,OralH,43.3978,0.6608,10.7237,0.9737,11.5572,10.0904,22.5963
10528,380,17227,711,7619,10176,26370,35.5342,RM_212,Unknown,14.4197,0.5205,23.5951,0.9738,10.4354,13.9376,36.1178
178627,920,16450,6470,10412,7768,124954,110.8491,RM_213,OralH,51.6859,0.2662,4.7598,1.8721,3.0127,2.2477,36.1556
3009,71,1319,316,2151,808,162,17.3464,RM_C03,OralH,38.3997,0.9061,16.8326,4.0327,27.4502,10.3114,2.0674
2760,225,4818,469,2239,1189,2959,22.5514,Rt11,OralTM,18.828,1.5349,32.8672,3.1994,15.2739,8.1111,20.1856
4147,106,10316,36,395,1384,578,18.7168,Rt13,OralTM,24.4488,0.6249,60.8183,0.2122,2.3287,8.1594,3.4076
0,0,70,0,0,0,19,17.4835,Rt1,OralTM,0.0,0.0,78.6517,0.0,0.0,0.0,21.3483
7635,332,41800,432,2506,8177,0,23.173,Rt5,OralTM,12.5407,0.5453,68.6574,0.7096,4.1162,13.4309,0.0
8790,316,38176,573,4167,3760,1,20.2412,Rt7,OralTM,15.7575,0.5665,68.4366,1.0272,7.47,6.7404,0.0018
6273,696,607777,1125,8213,9197,692,69.0113,Ua029,OralTM,0.9895,0.1098,95.868,0.1775,1.2955,1.4507,0.1092
109185,1291,701078,2293,8665,6234,20520,53.2585,Ua036,OralTM,12.8564,0.152,82.551,0.27,1.0203,0.734,2.4162
9845,1182,93273,567,5796,23398,28154,57.842,Ua061,OralTM,6.0691,0.7287,57.4996,0.3495,3.573,14.4241,17.356
222943,3180,1365097,3914,18729,46062,50787,133.8918,Ua077,OralTM,13.0322,0.1859,79.797,0.2288,1.0948,2.6926,2.9688
59298,1622,722034,1596,8342,8885,14311,58.8769,Ua079,OralTM,7.2661,0.1988,88.475,0.1956,1.0222,1.0887,1.7536
65528,2146,691771,1195,11906,23838,36755,59.0706,Ua089,OralTM,7.8652,0.2576,83.0319,0.1434,1.4291,2.8612,4.4116
11186,2384,124797,863,7133,29339,45166,78.4057,Ua100,OralTM,5.0646,1.0794,56.503,0.3907,3.2295,13.2835,20.4493
121862,2036,787716,4321,15472,18133,43685,67.6466,Ua104,OralTM,12.2693,0.205,79.3089,0.435,1.5578,1.8257,4.3983
70975,2154,772244,1940,8344,8386,26159,65.3506,Ua106,OralTM,7.9729,0.242,86.7493,0.2179,0.9373,0.942,2.9385
92663,1457,748459,2742,10559,6811,13768,61.9261,Ua117,OralTM,10.5724,0.1662,85.3958,0.3128,1.2047,0.7771,1.5709
14165,454,40680,658,5035,16407,27757,37.502,WAL001,OralTM,13.4705,0.4317,38.6854,0.6257,4.7881,15.6025,26.396
